{"cameraMode":{"drawMode":0,"name":"Shaded","section":"Shading Mode"},"sceneLighting":true,"audioPlay":false,"sceneViewState":{"showFog":true,"showMaterialUpdate":true,"showSkybox":true,"showFlares":true,"showImageEffects":true,"showParticleSystems":true},"in2DMode":false,"pivot":{"x":744.2171020507813,"y":-1028.4825439453125,"z":-1586.8885498046875},"rotation":{"x":-0.05669758468866348,"y":-0.941757321357727,"z":0.2606390118598938,"w":-0.204872727394104},"size":1018.475341796875,"orthographic":false}