{"cameraMode":{"drawMode":0,"name":"Shaded","section":"Shading Mode"},"sceneLighting":true,"audioPlay":false,"sceneViewState":{"showFog":true,"showMaterialUpdate":true,"showSkybox":true,"showFlares":true,"showImageEffects":true,"showParticleSystems":true},"in2DMode":false,"pivot":{"x":569.9312744140625,"y":407.368896484375,"z":274.55523681640627},"rotation":{"x":0.12266344577074051,"y":0.020840300247073175,"z":-0.0025740284472703935,"w":0.9922286868095398},"size":480.7737731933594,"orthographic":false}